mae,rmse,r2,n_test
1.445755245290716,1.8238422698170715,0.8431986081735057,60
