mae,rmse,r2,n_test
1.7346871688808954,2.1706089709050254,0.7857104653317298,48
