mae,rmse,r2,n_test,model,best_params
4.775083948189185,5.745978005816729,0.8935982907200328,48,random_forest,"{'model__max_depth': 10, 'model__min_samples_split': 2, 'model__n_estimators': 200}"
4.800806957642237,5.98821622327409,0.8844378446828381,48,xgboost,"{'model__learning_rate': 0.05, 'model__max_depth': 3, 'model__subsample': 1.0}"
6.733843426043468,10.597899520879672,0.6380402484917621,48,svr,"{'model__C': 10.0, 'model__epsilon': 0.5, 'model__kernel': 'rbf'}"
6.992372273891768,10.894184833037789,0.6175187369986985,48,ridge,{'model__alpha': 1.0}
